Dataset, Pretraining, Hidden Channels, Num Layers, Batch Size, Dropout, Learning Rate, Weight Decay, F1, ROC-AUC, Test Acc
Leffingwell, False, 64, 1, 32, 0.5, 0.01, 0.001, 0.3076923076923077, 0.8636363636363636, 0.8949
Leffingwell, False, 64, 1, 64, 0.5, 0.01, 0.001, 0.4, 0.6688503803888419, 0.9560
Leffingwell, False, 64, 1, 128, 0.5, 0.01, 0.001, 0.5833333333333334, 0.8093841642228738, 0.6203*
Leffingwell, True, 64, 1, 64, 0.5, 0.01, 0.001, 0.41666666666666663, 0.7087912087912087, 0.5469
Leffingwell, True, 64, 1, 128, 0.5, 0.01, 0.001, 0.4799999999999999, 0.844574780058651, 0.4734
Dream, False, 64, 3, 32, 0.5, 0.001, 1e-6, 0.11659192825112108, 0.6989583333333333, 0.4375
Dream, True, 64, 3, 32, 0.5, 0.001, 1e-6, 0.27999999999999997, 0.7080128205128206, 0.6334
